[
  {
    "uni": "kxl2398",
    "first_name": "Iolande",
    "last_name": "Birkin",
    "email": "ibirkin0@amazon.co.jp",
    "school_code": "BN"
  },
  {
    "uni": "prf1287",
    "first_name": "Reynolds",
    "last_name": "Waddam",
    "email": "rwaddam1@weibo.com",
    "school_code": "CUMC"
  },
  {
    "uni": "qlh0400",
    "first_name": "Doy",
    "last_name": "Lendrem",
    "email": "dlendrem2@seesaa.net",
    "school_code": "SEAS"
  },
  {
    "uni": "sdf7297",
    "first_name": "Marigold",
    "last_name": "Cosstick",
    "email": "mcosstick3@google.es",
    "school_code": "CUMC"
  },
  {
    "uni": "pdg6885",
    "first_name": "Bailie",
    "last_name": "Camilleri",
    "email": "bcamilleri4@census.gov",
    "school_code": "SEAS"
  },
  {
    "uni": "eev4774",
    "first_name": "Inglebert",
    "last_name": "Mirfield",
    "email": "imirfield5@pen.io",
    "school_code": "GS"
  },
  {
    "uni": "uem1820",
    "first_name": "Courtenay",
    "last_name": "Melbourn",
    "email": "cmelbourn6@ovh.net",
    "school_code": "LAW"
  },
  {
    "uni": "zwf6508",
    "first_name": "Liz",
    "last_name": "Manuele",
    "email": "lmanuele7@reverbnation.com",
    "school_code": "LAW"
  },
  {
    "uni": "mah5060",
    "first_name": "Elka",
    "last_name": "Lantiffe",
    "email": "elantiffe8@hugedomains.com",
    "school_code": "LAW"
  },
  {
    "uni": "vhk7357",
    "first_name": "Maryanne",
    "last_name": "Wilstead",
    "email": "mwilstead9@house.gov",
    "school_code": "GS"
  },
  {
    "uni": "kmz9445",
    "first_name": "Elka",
    "last_name": "Korneev",
    "email": "ekorneeva@posterous.com",
    "school_code": "BN"
  },
  {
    "uni": "mpp7476",
    "first_name": "Hakim",
    "last_name": "Durling",
    "email": "hdurlingb@instagram.com",
    "school_code": "GS"
  },
  {
    "uni": "dig2300",
    "first_name": "Court",
    "last_name": "Stubbin",
    "email": "cstubbinc@php.net",
    "school_code": "GSAS"
  },
  {
    "uni": "vff7699",
    "first_name": "Wilona",
    "last_name": "Entwisle",
    "email": "wentwisled@trellian.com",
    "school_code": "GS"
  },
  {
    "uni": "hjn2436",
    "first_name": "Gardner",
    "last_name": "McWhirter",
    "email": "gmcwhirtere@storify.com",
    "school_code": "CC"
  },
  {
    "uni": "lkw1626",
    "first_name": "Bellina",
    "last_name": "Holbie",
    "email": "bholbief@freewebs.com",
    "school_code": "SEAS"
  },
  {
    "uni": "wsl8746",
    "first_name": "Marybelle",
    "last_name": "Orpen",
    "email": "morpeng@livejournal.com",
    "school_code": "BN"
  },
  {
    "uni": "gpo7795",
    "first_name": "Nealy",
    "last_name": "Ludy",
    "email": "nludyh@patch.com",
    "school_code": "GSAS"
  },
  {
    "uni": "gol6282",
    "first_name": "Adan",
    "last_name": "Cockram",
    "email": "acockrami@storify.com",
    "school_code": "SEAS"
  },
  {
    "uni": "tzv5204",
    "first_name": "Edouard",
    "last_name": "Crookshanks",
    "email": "ecrookshanksj@tamu.edu",
    "school_code": "CUMC"
  },
  {
    "uni": "ptc5384",
    "first_name": "Ichabod",
    "last_name": "Chislett",
    "email": "ichislettk@hostgator.com",
    "school_code": "BN"
  },
  {
    "uni": "oft0710",
    "first_name": "Ella",
    "last_name": "Leiden",
    "email": "eleidenl@plala.or.jp",
    "school_code": "CC"
  },
  {
    "uni": "jqm3656",
    "first_name": "Brewer",
    "last_name": "Goodlatt",
    "email": "bgoodlattm@cbsnews.com",
    "school_code": "LAW"
  },
  {
    "uni": "luo8772",
    "first_name": "Rodrique",
    "last_name": "Bedenham",
    "email": "rbedenhamn@hubpages.com",
    "school_code": "CUMC"
  },
  {
    "uni": "ssn3803",
    "first_name": "Vernon",
    "last_name": "Lamke",
    "email": "vlamkeo@admin.ch",
    "school_code": "GSAS"
  },
  {
    "uni": "vdh5410",
    "first_name": "Thomasa",
    "last_name": "Girardin",
    "email": "tgirardinp@zimbio.com",
    "school_code": "LAW"
  },
  {
    "uni": "kgw6176",
    "first_name": "Bryn",
    "last_name": "Brotherick",
    "email": "bbrotherickq@boston.com",
    "school_code": "GS"
  },
  {
    "uni": "rxp6654",
    "first_name": "Cara",
    "last_name": "Willmett",
    "email": "cwillmettr@51.la",
    "school_code": "BN"
  },
  {
    "uni": "bsi6677",
    "first_name": "Jinny",
    "last_name": "Eble",
    "email": "jebles@spotify.com",
    "school_code": "CC"
  },
  {
    "uni": "aeh3032",
    "first_name": "Joscelin",
    "last_name": "Seamans",
    "email": "jseamanst@sina.com.cn",
    "school_code": "BN"
  },
  {
    "uni": "pdm7300",
    "first_name": "Chelsey",
    "last_name": "Broadfield",
    "email": "cbroadfieldu@omniture.com",
    "school_code": "CUMC"
  },
  {
    "uni": "ljw1452",
    "first_name": "Dru",
    "last_name": "Scamerdine",
    "email": "dscamerdinev@dell.com",
    "school_code": "CUMC"
  },
  {
    "uni": "leb3834",
    "first_name": "Jarred",
    "last_name": "Dobey",
    "email": "jdobeyw@mlb.com",
    "school_code": "GS"
  },
  {
    "uni": "gnq5918",
    "first_name": "Aurelie",
    "last_name": "Tuxwell",
    "email": "atuxwellx@telegraph.co.uk",
    "school_code": "SEAS"
  },
  {
    "uni": "zik5143",
    "first_name": "Ellis",
    "last_name": "Gabits",
    "email": "egabitsy@webnode.com",
    "school_code": "BN"
  },
  {
    "uni": "thy1702",
    "first_name": "Garrot",
    "last_name": "Cridlin",
    "email": "gcridlinz@epa.gov",
    "school_code": "BN"
  },
  {
    "uni": "tod8745",
    "first_name": "Masha",
    "last_name": "Haney",
    "email": "mhaney10@icq.com",
    "school_code": "BN"
  },
  {
    "uni": "pgf0188",
    "first_name": "Alphard",
    "last_name": "Wanell",
    "email": "awanell11@weebly.com",
    "school_code": "GS"
  },
  {
    "uni": "jsl0657",
    "first_name": "Vivyanne",
    "last_name": "Barajaz",
    "email": "vbarajaz12@mapy.cz",
    "school_code": "GSAS"
  },
  {
    "uni": "xpu4235",
    "first_name": "Pierette",
    "last_name": "Applegate",
    "email": "papplegate13@quantcast.com",
    "school_code": "CUMC"
  },
  {
    "uni": "spn4955",
    "first_name": "Odelia",
    "last_name": "Ivanishin",
    "email": "oivanishin14@trellian.com",
    "school_code": "GS"
  },
  {
    "uni": "tgu7954",
    "first_name": "Natale",
    "last_name": "Rivard",
    "email": "nrivard15@prlog.org",
    "school_code": "GSAS"
  },
  {
    "uni": "gso6965",
    "first_name": "Lincoln",
    "last_name": "Skells",
    "email": "lskells16@pen.io",
    "school_code": "GSAS"
  },
  {
    "uni": "rfh9579",
    "first_name": "Olenolin",
    "last_name": "MacGilrewy",
    "email": "omacgilrewy17@nytimes.com",
    "school_code": "SEAS"
  },
  {
    "uni": "ekw4161",
    "first_name": "Cymbre",
    "last_name": "Ben",
    "email": "cben18@home.pl",
    "school_code": "CC"
  },
  {
    "uni": "ief3180",
    "first_name": "Willy",
    "last_name": "Kirman",
    "email": "wkirman19@unc.edu",
    "school_code": "GSAS"
  },
  {
    "uni": "mgv5465",
    "first_name": "Elmira",
    "last_name": "MacCleod",
    "email": "emaccleod1a@hp.com",
    "school_code": "BN"
  },
  {
    "uni": "goa7580",
    "first_name": "Ed",
    "last_name": "Linford",
    "email": "elinford1b@issuu.com",
    "school_code": "BN"
  },
  {
    "uni": "pdy7653",
    "first_name": "Tiffany",
    "last_name": "Styant",
    "email": "tstyant1c@ow.ly",
    "school_code": "BN"
  },
  {
    "uni": "oxg1651",
    "first_name": "Jenilee",
    "last_name": "Blencoe",
    "email": "jblencoe1d@usgs.gov",
    "school_code": "CC"
  },
  {
    "uni": "jkp8443",
    "first_name": "Philipa",
    "last_name": "Lynnitt",
    "email": "plynnitt1e@dagondesign.com",
    "school_code": "CC"
  },
  {
    "uni": "nmp9038",
    "first_name": "Pepe",
    "last_name": "Benadette",
    "email": "pbenadette1f@si.edu",
    "school_code": "LAW"
  },
  {
    "uni": "lmw3096",
    "first_name": "Terra",
    "last_name": "Poff",
    "email": "tpoff1g@jugem.jp",
    "school_code": "BN"
  },
  {
    "uni": "bmq8816",
    "first_name": "Colin",
    "last_name": "Coger",
    "email": "ccoger1h@example.com",
    "school_code": "CUMC"
  },
  {
    "uni": "bqn9089",
    "first_name": "Robbyn",
    "last_name": "Vasilik",
    "email": "rvasilik1i@rakuten.co.jp",
    "school_code": "CUMC"
  },
  {
    "uni": "cdz7762",
    "first_name": "Lettie",
    "last_name": "Saffell",
    "email": "lsaffell1j@china.com.cn",
    "school_code": "GSAS"
  },
  {
    "uni": "ews5302",
    "first_name": "Etty",
    "last_name": "Harmson",
    "email": "eharmson1k@cam.ac.uk",
    "school_code": "GSAS"
  },
  {
    "uni": "gak7426",
    "first_name": "Abby",
    "last_name": "Henfre",
    "email": "ahenfre1l@wisc.edu",
    "school_code": "SEAS"
  },
  {
    "uni": "bjl1894",
    "first_name": "Fawnia",
    "last_name": "Shillito",
    "email": "fshillito1m@irs.gov",
    "school_code": "CUMC"
  },
  {
    "uni": "ggb3781",
    "first_name": "James",
    "last_name": "Rockwill",
    "email": "jrockwill1n@hibu.com",
    "school_code": "GS"
  },
  {
    "uni": "ywp7128",
    "first_name": "Julienne",
    "last_name": "Goldspink",
    "email": "jgoldspink1o@marriott.com",
    "school_code": "BN"
  },
  {
    "uni": "llr0366",
    "first_name": "Dave",
    "last_name": "Runge",
    "email": "drunge1p@answers.com",
    "school_code": "BN"
  },
  {
    "uni": "tbq9559",
    "first_name": "Billye",
    "last_name": "Drew-Clifton",
    "email": "bdrewclifton1q@vistaprint.com",
    "school_code": "CC"
  },
  {
    "uni": "jzm5134",
    "first_name": "Audi",
    "last_name": "Akehurst",
    "email": "aakehurst1r@twitter.com",
    "school_code": "GSAS"
  },
  {
    "uni": "dem6850",
    "first_name": "Cathi",
    "last_name": "Menghi",
    "email": "cmenghi1s@printfriendly.com",
    "school_code": "SEAS"
  },
  {
    "uni": "euu4199",
    "first_name": "Willie",
    "last_name": "Gonoude",
    "email": "wgonoude1t@sphinn.com",
    "school_code": "GSAS"
  },
  {
    "uni": "oss3225",
    "first_name": "Meyer",
    "last_name": "Flahy",
    "email": "mflahy1u@purevolume.com",
    "school_code": "CUMC"
  },
  {
    "uni": "ils7503",
    "first_name": "Camel",
    "last_name": "Lunnon",
    "email": "clunnon1v@liveinternet.ru",
    "school_code": "CUMC"
  },
  {
    "uni": "snb8522",
    "first_name": "Frans",
    "last_name": "Clell",
    "email": "fclell1w@networksolutions.com",
    "school_code": "CUMC"
  },
  {
    "uni": "fjp3241",
    "first_name": "Gabbie",
    "last_name": "Puttan",
    "email": "gputtan1x@themeforest.net",
    "school_code": "GS"
  },
  {
    "uni": "oqr4360",
    "first_name": "Nita",
    "last_name": "Precious",
    "email": "nprecious1y@delicious.com",
    "school_code": "BN"
  },
  {
    "uni": "abe0141",
    "first_name": "Court",
    "last_name": "Nicolls",
    "email": "cnicolls1z@loc.gov",
    "school_code": "SEAS"
  },
  {
    "uni": "epm4680",
    "first_name": "Fanni",
    "last_name": "Heard",
    "email": "fheard20@bandcamp.com",
    "school_code": "GS"
  },
  {
    "uni": "agc4842",
    "first_name": "Glyn",
    "last_name": "Geratt",
    "email": "ggeratt21@bravesites.com",
    "school_code": "GS"
  },
  {
    "uni": "upz1595",
    "first_name": "Starlene",
    "last_name": "Barnshaw",
    "email": "sbarnshaw22@mlb.com",
    "school_code": "GS"
  },
  {
    "uni": "tro5967",
    "first_name": "Feodor",
    "last_name": "Kiehl",
    "email": "fkiehl23@etsy.com",
    "school_code": "CC"
  },
  {
    "uni": "ntr1070",
    "first_name": "Edmon",
    "last_name": "Leverett",
    "email": "eleverett24@harvard.edu",
    "school_code": "SEAS"
  },
  {
    "uni": "rpj3383",
    "first_name": "Bel",
    "last_name": "Jancso",
    "email": "bjancso25@amazon.co.uk",
    "school_code": "GS"
  },
  {
    "uni": "bqo8591",
    "first_name": "Kendell",
    "last_name": "Arne",
    "email": "karne26@cbsnews.com",
    "school_code": "BN"
  },
  {
    "uni": "lrd5133",
    "first_name": "Sibylle",
    "last_name": "Lochrie",
    "email": "slochrie27@google.es",
    "school_code": "SEAS"
  },
  {
    "uni": "xyy1036",
    "first_name": "Celestina",
    "last_name": "Clinkard",
    "email": "cclinkard28@arstechnica.com",
    "school_code": "GS"
  },
  {
    "uni": "pus2814",
    "first_name": "Brynn",
    "last_name": "Kinnoch",
    "email": "bkinnoch29@apple.com",
    "school_code": "BN"
  },
  {
    "uni": "gyh1367",
    "first_name": "Vinny",
    "last_name": "Meeny",
    "email": "vmeeny2a@goo.ne.jp",
    "school_code": "GSAS"
  },
  {
    "uni": "wdt3564",
    "first_name": "Othilia",
    "last_name": "Redsull",
    "email": "oredsull2b@skype.com",
    "school_code": "BN"
  },
  {
    "uni": "bra7687",
    "first_name": "Adorne",
    "last_name": "Convery",
    "email": "aconvery2c@plala.or.jp",
    "school_code": "GS"
  },
  {
    "uni": "opn8874",
    "first_name": "Coop",
    "last_name": "Sargeaunt",
    "email": "csargeaunt2d@freewebs.com",
    "school_code": "SEAS"
  },
  {
    "uni": "eqx0203",
    "first_name": "Dru",
    "last_name": "Fishby",
    "email": "dfishby2e@arstechnica.com",
    "school_code": "GS"
  },
  {
    "uni": "jiu5759",
    "first_name": "Elora",
    "last_name": "Begin",
    "email": "ebegin2f@nifty.com",
    "school_code": "CUMC"
  },
  {
    "uni": "oyh0263",
    "first_name": "Jenilee",
    "last_name": "Ponte",
    "email": "jponte2g@squidoo.com",
    "school_code": "LAW"
  },
  {
    "uni": "enl3396",
    "first_name": "Benjy",
    "last_name": "Cornils",
    "email": "bcornils2h@ihg.com",
    "school_code": "GS"
  },
  {
    "uni": "jga3334",
    "first_name": "Verge",
    "last_name": "Steddall",
    "email": "vsteddall2i@wikia.com",
    "school_code": "GSAS"
  },
  {
    "uni": "xms2667",
    "first_name": "Federico",
    "last_name": "Gowler",
    "email": "fgowler2j@cyberchimps.com",
    "school_code": "SEAS"
  },
  {
    "uni": "vwu1991",
    "first_name": "Waldemar",
    "last_name": "Brucker",
    "email": "wbrucker2k@uol.com.br",
    "school_code": "CUMC"
  },
  {
    "uni": "pcj2223",
    "first_name": "Davidson",
    "last_name": "Ledstone",
    "email": "dledstone2l@tumblr.com",
    "school_code": "SEAS"
  },
  {
    "uni": "mte2895",
    "first_name": "Hedwiga",
    "last_name": "Emerine",
    "email": "hemerine2m@uiuc.edu",
    "school_code": "BN"
  },
  {
    "uni": "hod2504",
    "first_name": "Dosi",
    "last_name": "Froude",
    "email": "dfroude2n@example.com",
    "school_code": "LAW"
  },
  {
    "uni": "tjj4563",
    "first_name": "Brinn",
    "last_name": "Osmint",
    "email": "bosmint2o@yandex.ru",
    "school_code": "GSAS"
  },
  {
    "uni": "zbp4480",
    "first_name": "Allina",
    "last_name": "Stollery",
    "email": "astollery2p@japanpost.jp",
    "school_code": "CUMC"
  },
  {
    "uni": "vkk3616",
    "first_name": "Dido",
    "last_name": "Cucuzza",
    "email": "dcucuzza2q@gizmodo.com",
    "school_code": "BN"
  },
  {
    "uni": "pzl0977",
    "first_name": "Evaleen",
    "last_name": "Jeram",
    "email": "ejeram2r@ucsd.edu",
    "school_code": "LAW"
  }
]